id,gold_output,baseline_pred,mmad_pred,baseline_correct,mmad_correct,num_rounds,converged
sample_0,"[(4, 1), (4, 1), (4, 1), (4, 1), (2, 3), (2, 3)]","```json
{
    ""prediction"": [(3, 1), (2, 1), (1, 1)],
    ""confidence"": 0.9,
    ""reasoning"": ""The function `f` takes a list of integers called `nums`. It creates an empty list `output`. Then, it iter","[(3, 1), (3, 3), (2, 1)]",False,False,1,False
sample_1,"{1: None, 2: None}","{'a': {}, 'b': {}, 'c': {}}","{'a': {'b': 1, 'c': 2}, 'b': {'b': 1, 'c': 2}, 'c': {'b': 1, 'c': 2}}",False,False,4,False
sample_2,'hbtofdeiequ',e,e,False,False,1,False
sample_3,'bcksrutq',bqcksruqt,bcksrutq,False,False,3,False
sample_4,'           ', '   ' ,'   ',False,False,1,False
